{"stat.flyOneCm":5924,"stat.walkOneCm":4591,"stat.pickup.minecraft.wheat_seeds":1,"stat.jump":30,"stat.mineBlock.minecraft.leaves":2,"stat.swimOneCm":455,"stat.playOneMinute":6188,"stat.fallOneCm":418,"stat.pickup.minecraft.redstone_torch":1,"stat.leaveGame":1,"stat.sneakTime":150,"stat.useItem.minecraft.tnt":103,"stat.crouchOneCm":109,"stat.timeSinceDeath":6188,"stat.sprintOneCm":3051,"stat.pickup.minecraft.cobblestone":2,"stat.useItem.minecraft.stone_slab2":4,"stat.mineBlock.minecraft.log":2,"stat.mineBlock.minecraft.tallgrass":1,"stat.diveOneCm":5603}